{
    "cameras": [
        {
            "extrinsics": {
                "W_variance": [
                    9.999999974752427e-07, 
                    9.999999974752427e-07, 
                    9.999999974752427e-07
                ], 
                "T_variance": [
                    9.999999974752427e-07, 
                    9.999999974752427e-07, 
                    9.999999974752427e-07
                ], 
                "T": [
                    0.0107, 
                    0.0, 
                    0.0
                ], 
                "W": [
                    0.0, 
                    0.0, 
                    3.141592653589793
                ]
            }, 
            "size_px": [
                848, 
                800
            ], 
            "distortion": {
                "k": [
                    -0.004, 
                    0.04, 
                    -0.04, 
                    0.008
                ], 
                "type": "kannalabrandt4"
            }, 
            "focal_length_px": [
                289.0, 
                289.0
            ], 
            "center_px": [
                399.5, 
                423.5
            ]
        }, 
        {
            "extrinsics": {
                "W_variance": [
                    9.999999974752427e-07, 
                    9.999999974752427e-07, 
                    9.999999974752427e-07
                ], 
                "T_variance": [
                    9.999999974752427e-07, 
                    9.999999974752427e-07, 
                    9.999999974752427e-07
                ], 
                "T": [
                    -0.0533, 
                    0.0, 
                    0.0
                ], 
                "W": [
                    0.0, 
                    0.0, 
                    3.141592653589793
                ]
            }, 
            "size_px": [
                848, 
                800
            ], 
            "distortion": {
                "k": [
                    -0.004, 
                    0.04, 
                    -0.04, 
                    0.008
                ], 
                "type": "kannalabrandt4"
            }, 
            "focal_length_px": [
                289.0, 
                289.0
            ], 
            "center_px": [
                399.5, 
                423.5
            ]
        }
    ], 
    "depths": [], 
    "imus": [
        {
            "extrinsics": {
                "W_variance": [
                    9.999999974752427e-07, 
                    9.999999974752427e-07, 
                    9.999999974752427e-07
                ], 
                "T_variance": [
                    9.999999974752427e-07, 
                    9.999999974752427e-07, 
                    9.999999974752427e-07
                ], 
                "T": [
                    0.0, 
                    0.0, 
                    0.0
                ], 
                "W": [
                    0.0, 
                    0.0, 
                    0.0
                ]
            }, 
            "gyroscope": {
                "scale_and_alignment": [
                    1.0, 
                    0.0, 
                    0.0, 
                    0.0, 
                    1.0, 
                    0.0, 
                    0.0, 
                    0.0, 
                    1.0
                ], 
                "bias": [
                    0.0,
                    0.0,
                    0.0
                ], 
                "noise_variance": 0.00019993959999999999, 
                "bias_variance": [
                    4.999999987376214e-07, 
                    4.999999987376214e-07, 
                    4.999999987376214e-07
                ]
            }, 
            "accelerometer": {
                "scale_and_alignment": [
                    1.0, 
                    0.0, 
                    0.0, 
                    0.0, 
                    1.0, 
                    0.0, 
                    0.0, 
                    0.0, 
                    1.0
                ], 
                "bias": [
                    0.0,
                    0.0, 
                    0.0
                ], 
                "noise_variance": 0.0049984899999999995, 
                "bias_variance": [
                    9.999999747378752e-05, 
                    9.999999747378752e-05, 
                    9.999999747378752e-05
                ]
            }
        }
    ], 
    "device_type": "TM2", 
    "calibration_version": 10, 
    "device_id": "default"
}